{
  "model": "Naive",
  "horizon": 22,
  "cv_mae_mean": 8.662503,
  "cv_mae_std": 9.377937,
  "cv_coverage_80": 0.8,
  "cv_coverage_95": 0.95,
  "test_mae": 35.724045,
  "test_rmse": 42.659207,
  "test_mase": 14.330205,
  "test_coverage_80": 0.3182,
  "test_coverage_95": 0.4545
}