{
  "model": "XGBoost",
  "horizon": 22,
  "cv_mae_mean": 33.793995,
  "cv_mae_std": 37.753022,
  "cv_coverage_80": 0.8,
  "cv_coverage_95": 0.95,
  "test_mae": 27.805821,
  "test_rmse": 31.741524,
  "test_mase": 11.153924,
  "test_coverage_80": 0.8182,
  "test_coverage_95": 1.0
}