{
  "model": "GRU",
  "horizon": 22,
  "cv_mae_mean": 13.137254,
  "cv_mae_std": 12.804305,
  "cv_coverage_80": 0.8,
  "cv_coverage_95": 0.95,
  "test_mae": 15.364202,
  "test_rmse": 19.828871,
  "test_mase": 6.163141,
  "test_coverage_80": 0.6364,
  "test_coverage_95": 1.0
}