{
  "model": "XGBoost",
  "horizon": 22,
  "cv_mae_mean": 33.757397,
  "cv_mae_std": 37.629204,
  "cv_coverage_80": 0.1682,
  "cv_coverage_95": 0.2273,
  "test_mae": 27.805835,
  "test_rmse": 31.741551,
  "test_mase": 11.153938,
  "test_coverage_80": 0.2727,
  "test_coverage_95": 0.4545
}