{
  "model": "RandomForest",
  "horizon": 22,
  "cv_mae_mean": 25.522825,
  "cv_mae_std": 29.440763,
  "cv_coverage_80": 0.2091,
  "cv_coverage_95": 0.35,
  "test_mae": 28.57696,
  "test_rmse": 31.257932,
  "test_mase": 11.463261,
  "test_coverage_80": 0.2273,
  "test_coverage_95": 0.4091
}