{
  "model": "Drift",
  "horizon": 22,
  "cv_mae_mean": 8.329016,
  "cv_mae_std": 9.625683,
  "cv_coverage_80": 0.8,
  "cv_coverage_95": 0.95,
  "test_mae": 34.23128,
  "test_rmse": 40.881003,
  "test_mase": 13.731403,
  "test_coverage_80": 0.2727,
  "test_coverage_95": 0.5
}