{
  "model": "GARCH",
  "horizon": 22,
  "cv_mae_mean": 8.662501,
  "cv_mae_std": 9.377938,
  "cv_coverage_80": 0.3636,
  "cv_coverage_95": 0.5136,
  "test_mae": 35.724052,
  "test_rmse": 42.659216,
  "test_mase": 14.330215,
  "test_coverage_80": 0.2727,
  "test_coverage_95": 0.4091
}