{
  "model": "ETS_Holt",
  "horizon": 22,
  "cv_mae_mean": 8.643855,
  "cv_mae_std": 9.384245,
  "cv_coverage_80": 0.6636,
  "cv_coverage_95": 0.7955,
  "test_mae": 35.749775,
  "test_rmse": 42.690111,
  "test_mase": 14.340537,
  "test_coverage_80": 0.2273,
  "test_coverage_95": 0.2727
}