{
  "model": "ARIMA",
  "horizon": 22,
  "cv_mae_mean": 13.365264,
  "cv_mae_std": 21.424668,
  "cv_coverage_80": 0.6455,
  "cv_coverage_95": 0.7591,
  "test_mae": 35.66687,
  "test_rmse": 42.59302,
  "test_mase": 14.307281,
  "test_coverage_80": 0.2273,
  "test_coverage_95": 0.2727
}