{
  "model": "ARIMA",
  "horizon": 22,
  "cv_mae_mean": 13.365257,
  "cv_mae_std": 21.424658,
  "cv_coverage_80": 0.8,
  "cv_coverage_95": 0.95,
  "test_mae": 35.66686,
  "test_rmse": 42.593009,
  "test_mase": 14.307271,
  "test_coverage_80": 0.3182,
  "test_coverage_95": 1.0
}