{
  "model": "Drift",
  "horizon": 22,
  "cv_mae_mean": 8.329025,
  "cv_mae_std": 9.625699,
  "cv_coverage_80": 0.6909,
  "cv_coverage_95": 0.8091,
  "test_mae": 34.231288,
  "test_rmse": 40.881011,
  "test_mase": 13.731411,
  "test_coverage_80": 0.2273,
  "test_coverage_95": 0.2727
}