{
  "model": "LSTM_RNN",
  "horizon": 22,
  "cv_mae_mean": 14.759547,
  "cv_mae_std": 13.516081,
  "cv_coverage_80": 0.8,
  "cv_coverage_95": 0.95,
  "test_mae": 42.046219,
  "test_rmse": 50.223339,
  "test_mase": 16.86627,
  "test_coverage_80": 0.4545,
  "test_coverage_95": 0.5
}